table,columns,referenced_table,referenced_columns,constraint,actions
accountants,user_id,users,id,accountants_user_id_foreign,ON DELETE CASCADE ON UPDATE CASCADE
advanced_payments,patient_id,users,id,advanced_payments_patient_id_foreign,
ambulance_calls,ambulance_id,ambulances,id,ambulance_calls_ambulance_id_foreign,ON DELETE CASCADE ON UPDATE CASCADE
ambulance_calls,patient_id,patients,id,ambulance_calls_patient_id_foreign,ON DELETE CASCADE ON UPDATE CASCADE
appointments,department_id,doctor_departments,id,appointments_department_id_foreign,ON DELETE CASCADE ON UPDATE CASCADE
appointments,doctor_id,doctors,id,appointments_doctor_id_foreign,ON DELETE CASCADE ON UPDATE CASCADE
appointments,patient_id,patients,id,appointments_patient_id_foreign,ON DELETE CASCADE ON UPDATE CASCADE
appointment_transactions,appointment_id,appointments,id,appointment_transactions_appointment_id_foreign,ON DELETE CASCADE ON UPDATE CASCADE
beds,bed_type,bed_types,id,beds_bed_type_foreign,ON DELETE CASCADE ON UPDATE CASCADE
bed_assigns,bed_id,beds,id,bed_assigns_bed_id_foreign,ON DELETE CASCADE ON UPDATE CASCADE
bed_assigns,ipd_patient_department_id,ipd_patient_departments,id,bed_assigns_ipd_patient_department_id_foreign,ON DELETE CASCADE ON UPDATE CASCADE
bed_assigns,patient_id,patients,id,bed_assigns_patient_id_foreign,ON DELETE CASCADE ON UPDATE CASCADE
bills,patient_id,patients,id,bills_patient_id_foreign,ON DELETE CASCADE ON UPDATE CASCADE
bill_items,bill_id,bills,id,bill_items_bill_id_foreign,ON DELETE CASCADE ON UPDATE CASCADE
bill_transactions,bill_id,bills,id,bill_transactions_bill_id_foreign,ON DELETE CASCADE ON UPDATE CASCADE
birth_reports,doctor_id,doctors,id,birth_reports_doctor_id_foreign,ON DELETE CASCADE ON UPDATE CASCADE
birth_reports,patient_id,patients,id,birth_reports_patient_id_foreign,ON DELETE CASCADE ON UPDATE CASCADE
blood_donations,blood_donor_id,blood_donors,id,blood_donations_blood_donor_id_foreign,ON DELETE CASCADE ON UPDATE CASCADE
blood_issues,doctor_id,doctors,id,blood_issues_doctor_id_foreign,ON DELETE CASCADE ON UPDATE CASCADE
blood_issues,donor_id,blood_donors,id,blood_issues_donor_id_foreign,ON DELETE CASCADE ON UPDATE CASCADE
blood_issues,patient_id,patients,id,blood_issues_patient_id_foreign,ON DELETE CASCADE ON UPDATE CASCADE
case_handlers,user_id,users,id,case_handlers_user_id_foreign,ON DELETE CASCADE ON UPDATE CASCADE
charges,charge_category_id,charge_categories,id,charges_charge_category_id_foreign,ON DELETE CASCADE ON UPDATE CASCADE
complaints,patient_id,users,id,complaints_patient_id_foreign,ON DELETE CASCADE
complaints,resolved_by,users,id,complaints_resolved_by_foreign,ON DELETE CASCADE
death_reports,doctor_id,doctors,id,death_reports_doctor_id_foreign,ON DELETE CASCADE ON UPDATE CASCADE
death_reports,patient_id,patients,id,death_reports_patient_id_foreign,ON DELETE CASCADE ON UPDATE CASCADE
doctors,doctor_department_id,doctor_departments,id,doctors_doctor_department_id_foreign,
doctors,user_id,users,id,doctors_user_id_foreign,ON DELETE CASCADE ON UPDATE CASCADE
doctor_holidays,doctor_id,doctors,id,doctor_holidays_doctor_id_foreign,ON DELETE CASCADE ON UPDATE CASCADE
doctor_opd_charges,doctor_id,doctors,id,doctor_opd_charges_doctor_id_foreign,ON DELETE CASCADE ON UPDATE CASCADE
documents,uploaded_by,users,id,documents_uploaded_by_foreign,ON DELETE CASCADE ON UPDATE CASCADE
enquiries,viewed_by,users,id,enquiries_viewed_by_foreign,ON DELETE CASCADE ON UPDATE CASCADE
event_google_calendars,google_calendar_list_id,google_calendar_lists,id,event_google_calendars_google_calendar_list_id_foreign,ON DELETE CASCADE ON UPDATE CASCADE
event_google_calendars,user_id,users,id,event_google_calendars_user_id_foreign,ON DELETE CASCADE ON UPDATE CASCADE
google_calendar_integrations,user_id,users,id,google_calendar_integrations_user_id_foreign,ON DELETE CASCADE ON UPDATE CASCADE
google_calendar_lists,user_id,users,id,google_calendar_lists_user_id_foreign,ON DELETE CASCADE ON UPDATE CASCADE
insurance_diseases,insurance_id,insurances,id,insurance_diseases_insurance_id_foreign,ON DELETE CASCADE ON UPDATE CASCADE
investigation_reports,doctor_id,doctors,id,investigation_reports_doctor_id_foreign,ON DELETE CASCADE ON UPDATE CASCADE
investigation_reports,patient_id,patients,id,investigation_reports_patient_id_foreign,ON DELETE CASCADE ON UPDATE CASCADE
invoices,patient_id,patients,id,invoices_patient_id_foreign,ON DELETE CASCADE ON UPDATE CASCADE
invoice_items,account_id,accounts,id,invoice_items_account_id_foreign,ON DELETE CASCADE ON UPDATE CASCADE
invoice_items,invoice_id,invoices,id,invoice_items_invoice_id_foreign,ON DELETE CASCADE ON UPDATE CASCADE
ipd_bills,ipd_patient_department_id,ipd_patient_departments,id,ipd_bills_ipd_patient_department_id_foreign,ON DELETE CASCADE ON UPDATE CASCADE
ipd_charges,charge_category_id,charge_categories,id,ipd_charges_charge_category_id_foreign,ON DELETE CASCADE ON UPDATE CASCADE
ipd_charges,charge_id,charges,id,ipd_charges_charge_id_foreign,ON DELETE CASCADE ON UPDATE CASCADE
ipd_charges,ipd_patient_department_id,ipd_patient_departments,id,ipd_charges_ipd_patient_department_id_foreign,ON DELETE CASCADE ON UPDATE CASCADE
ipd_consultant_registers,doctor_id,doctors,id,ipd_consultant_registers_doctor_id_foreign,ON DELETE CASCADE ON UPDATE CASCADE
ipd_consultant_registers,ipd_patient_department_id,ipd_patient_departments,id,ipd_consultant_registers_ipd_patient_department_id_foreign,ON DELETE CASCADE ON UPDATE CASCADE
ipd_diagnoses,ipd_patient_department_id,ipd_patient_departments,id,ipd_diagnoses_ipd_patient_department_id_foreign,ON DELETE CASCADE ON UPDATE CASCADE
ipd_operation,doctor_id,doctors,id,ipd_operation_doctor_id_foreign,ON DELETE CASCADE ON UPDATE CASCADE
ipd_operation,ipd_patient_department_id,ipd_patient_departments,id,ipd_operation_ipd_patient_department_id_foreign,ON DELETE CASCADE ON UPDATE CASCADE
ipd_operation,operation_category_id,operation_categories,id,ipd_operation_operation_category_id_foreign,ON DELETE CASCADE ON UPDATE CASCADE
ipd_operation,operation_id,operations,id,ipd_operation_operation_id_foreign,ON DELETE CASCADE ON UPDATE CASCADE
ipd_patient_departments,bed_id,beds,id,ipd_patient_departments_bed_id_foreign,ON DELETE CASCADE ON UPDATE CASCADE
ipd_patient_departments,bed_type_id,bed_types,id,ipd_patient_departments_bed_type_id_foreign,ON DELETE CASCADE ON UPDATE CASCADE
ipd_patient_departments,case_id,patient_cases,id,ipd_patient_departments_case_id_foreign,ON DELETE CASCADE ON UPDATE CASCADE
ipd_patient_departments,doctor_id,doctors,id,ipd_patient_departments_doctor_id_foreign,ON DELETE CASCADE ON UPDATE CASCADE
ipd_patient_departments,patient_id,patients,id,ipd_patient_departments_patient_id_foreign,ON DELETE CASCADE ON UPDATE CASCADE
ipd_payments,ipd_patient_department_id,ipd_patient_departments,id,ipd_payments_ipd_patient_department_id_foreign,ON DELETE CASCADE ON UPDATE CASCADE
ipd_prescriptions,ipd_patient_department_id,ipd_patient_departments,id,ipd_prescriptions_ipd_patient_department_id_foreign,ON DELETE CASCADE ON UPDATE CASCADE
ipd_prescription_items,category_id,categories,id,ipd_prescription_items_category_id_foreign,ON DELETE CASCADE ON UPDATE CASCADE
ipd_prescription_items,ipd_prescription_id,ipd_prescriptions,id,ipd_prescription_items_ipd_prescription_id_foreign,ON DELETE CASCADE ON UPDATE CASCADE
ipd_prescription_items,medicine_id,medicines,id,ipd_prescription_items_medicine_id_foreign,ON DELETE CASCADE ON UPDATE CASCADE
ipd_timelines,ipd_patient_department_id,ipd_patient_departments,id,ipd_timelines_ipd_patient_department_id_foreign,ON DELETE CASCADE ON UPDATE CASCADE
issued_items,department_id,departments,id,issued_items_department_id_foreign,ON DELETE CASCADE ON UPDATE CASCADE
issued_items,item_category_id,item_categories,id,issued_items_item_category_id_foreign,ON DELETE CASCADE ON UPDATE CASCADE
issued_items,item_id,items,id,issued_items_item_id_foreign,ON DELETE CASCADE ON UPDATE CASCADE
issued_items,user_id,users,id,issued_items_user_id_foreign,ON DELETE CASCADE ON UPDATE CASCADE
items,item_category_id,item_categories,id,items_item_category_id_foreign,ON DELETE CASCADE ON UPDATE CASCADE
item_stocks,item_category_id,item_categories,id,item_stocks_item_category_id_foreign,ON DELETE CASCADE ON UPDATE CASCADE
item_stocks,item_id,items,id,item_stocks_item_id_foreign,ON DELETE CASCADE ON UPDATE CASCADE
lab_technicians,user_id,users,id,lab_technicians_user_id_foreign,ON DELETE CASCADE ON UPDATE CASCADE
live_consultations,doctor_id,doctors,id,live_consultations_doctor_id_foreign,ON DELETE CASCADE ON UPDATE CASCADE
live_consultations,patient_id,patients,id,live_consultations_patient_id_foreign,ON DELETE CASCADE ON UPDATE CASCADE
lunch_breaks,doctor_id,doctors,id,lunch_breaks_doctor_id_foreign,ON DELETE CASCADE ON UPDATE CASCADE
mails,user_id,users,id,mails_user_id_foreign,ON DELETE CASCADE ON UPDATE CASCADE
medicines,brand_id,brands,id,medicines_brand_id_foreign,ON DELETE SET NULL ON UPDATE CASCADE
medicines,category_id,categories,id,medicines_category_id_foreign,ON DELETE SET NULL ON UPDATE CASCADE
model_has_permissions,permission_id,permissions,id,model_has_permissions_permission_id_foreign,ON DELETE CASCADE
model_has_roles,role_id,departments,id,model_has_roles_role_id_foreign,ON DELETE CASCADE
notifications,user_id,users,id,notifications_user_id_foreign,ON DELETE CASCADE ON UPDATE CASCADE
nurses,user_id,users,id,nurses_user_id_foreign,ON DELETE CASCADE ON UPDATE CASCADE
odontograms,doctor_id,doctors,id,odontograms_doctor_id_foreign,ON DELETE CASCADE ON UPDATE CASCADE
odontograms,patient_id,patients,id,odontograms_patient_id_foreign,ON DELETE CASCADE ON UPDATE CASCADE
opd_diagnoses,opd_patient_department_id,opd_patient_departments,id,opd_diagnoses_opd_patient_department_id_foreign,ON DELETE CASCADE ON UPDATE CASCADE
opd_patient_departments,case_id,patient_cases,id,opd_patient_departments_case_id_foreign,ON DELETE CASCADE ON UPDATE CASCADE
opd_patient_departments,doctor_id,doctors,id,opd_patient_departments_doctor_id_foreign,ON DELETE CASCADE ON UPDATE CASCADE
opd_patient_departments,patient_id,patients,id,opd_patient_departments_patient_id_foreign,ON DELETE CASCADE ON UPDATE CASCADE
opd_prescriptions,opd_patient_department_id,opd_patient_departments,id,opd_prescriptions_opd_patient_department_id_foreign,ON DELETE CASCADE ON UPDATE CASCADE
opd_prescription_items,category_id,categories,id,opd_prescription_items_category_id_foreign,ON DELETE CASCADE ON UPDATE CASCADE
opd_prescription_items,medicine_id,medicines,id,opd_prescription_items_medicine_id_foreign,ON DELETE CASCADE ON UPDATE CASCADE
opd_prescription_items,opd_prescription_id,opd_prescriptions,id,opd_prescription_items_opd_prescription_id_foreign,ON DELETE CASCADE ON UPDATE CASCADE
opd_timelines,opd_patient_department_id,opd_patient_departments,id,opd_timelines_opd_patient_department_id_foreign,ON DELETE CASCADE ON UPDATE CASCADE
operations,operation_category_id,operation_categories,id,operations_operation_category_id_foreign,ON DELETE CASCADE ON UPDATE CASCADE
operation_reports,doctor_id,doctors,id,operation_reports_doctor_id_foreign,ON DELETE CASCADE ON UPDATE CASCADE
operation_reports,patient_id,patients,id,operation_reports_patient_id_foreign,ON DELETE CASCADE ON UPDATE CASCADE
package_services,package_id,packages,id,package_services_package_id_foreign,ON DELETE CASCADE ON UPDATE CASCADE
package_services,service_id,services,id,package_services_service_id_foreign,ON DELETE CASCADE ON UPDATE CASCADE
pathology_parameters,unit_id,pathology_units,id,pathology_parameters_unit_id_foreign,ON DELETE CASCADE ON UPDATE CASCADE
pathology_parameter_items,parameter_id,pathology_parameters,id,pathology_parameter_items_parameter_id_foreign,ON DELETE CASCADE ON UPDATE CASCADE
pathology_parameter_items,pathology_id,pathology_tests,id,pathology_parameter_items_pathology_id_foreign,ON DELETE CASCADE ON UPDATE CASCADE
pathology_tests,category_id,pathology_categories,id,pathology_tests_category_id_foreign,ON DELETE CASCADE ON UPDATE CASCADE
pathology_tests,charge_category_id,charge_categories,id,pathology_tests_charge_category_id_foreign,ON DELETE CASCADE ON UPDATE CASCADE
pathology_tests,patient_id,patients,id,pathology_tests_patient_id_foreign,ON DELETE CASCADE ON UPDATE CASCADE
patients,template_id,patient_id_card_templates,id,patients_template_id_foreign,ON DELETE CASCADE ON UPDATE CASCADE
patients,user_id,users,id,patients_user_id_foreign,ON DELETE CASCADE ON UPDATE CASCADE
patient_admissions,bed_id,beds,id,patient_admissions_bed_id_foreign,ON DELETE CASCADE ON UPDATE CASCADE
patient_admissions,doctor_id,doctors,id,patient_admissions_doctor_id_foreign,ON DELETE CASCADE ON UPDATE CASCADE
patient_admissions,insurance_id,insurances,id,patient_admissions_insurance_id_foreign,ON DELETE CASCADE ON UPDATE CASCADE
patient_admissions,package_id,packages,id,patient_admissions_package_id_foreign,ON DELETE CASCADE ON UPDATE CASCADE
patient_admissions,patient_id,patients,id,patient_admissions_patient_id_foreign,ON DELETE CASCADE ON UPDATE CASCADE
patient_cases,doctor_id,doctors,id,patient_cases_doctor_id_foreign,ON DELETE CASCADE ON UPDATE CASCADE
patient_cases,patient_id,patients,id,patient_cases_patient_id_foreign,ON DELETE CASCADE ON UPDATE CASCADE
patient_diagnosis_properties,patient_diagnosis_id,patient_diagnosis_tests,id,patient_diagnosis_properties_patient_diagnosis_id_foreign,ON DELETE CASCADE ON UPDATE CASCADE
patient_diagnosis_tests,category_id,diagnosis_categories,id,patient_diagnosis_tests_category_id_foreign,ON DELETE CASCADE ON UPDATE CASCADE
patient_diagnosis_tests,doctor_id,doctors,id,patient_diagnosis_tests_doctor_id_foreign,ON DELETE CASCADE ON UPDATE CASCADE
patient_diagnosis_tests,patient_id,patients,id,patient_diagnosis_tests_patient_id_foreign,ON DELETE CASCADE ON UPDATE CASCADE
patient_queues,appointment_id,appointments,id,patient_queues_appointment_id_foreign,ON DELETE CASCADE ON UPDATE CASCADE
payments,account_id,accounts,id,payments_account_id_foreign,ON DELETE CASCADE ON UPDATE CASCADE
pharmacists,user_id,users,id,pharmacists_user_id_foreign,ON DELETE CASCADE ON UPDATE CASCADE
prescriptions,doctor_id,doctors,id,prescriptions_doctor_id_foreign,ON DELETE CASCADE ON UPDATE CASCADE
prescriptions,patient_id,patients,id,prescriptions_patient_id_foreign,ON DELETE CASCADE ON UPDATE CASCADE
prescriptions_medicines,medicine,medicines,id,prescriptions_medicines_medicine_foreign,ON DELETE CASCADE ON UPDATE CASCADE
prescriptions_medicines,prescription_id,prescriptions,id,prescriptions_medicines_prescription_id_foreign,ON DELETE CASCADE ON UPDATE CASCADE
purchased_medicines,medicine_id,medicines,id,purchased_medicines_medicine_id_foreign,ON DELETE SET NULL ON UPDATE CASCADE
purchased_medicines,purchase_medicines_id,purchase_medicines,id,purchased_medicines_purchase_medicines_id_foreign,ON DELETE CASCADE ON UPDATE CASCADE
radiology_tests,category_id,radiology_categories,id,radiology_tests_category_id_foreign,ON DELETE CASCADE ON UPDATE CASCADE
radiology_tests,charge_category_id,charge_categories,id,radiology_tests_charge_category_id_foreign,ON DELETE CASCADE ON UPDATE CASCADE
radiology_tests,charge_id,charges,id,radiology_tests_charge_id_foreign,ON DELETE CASCADE ON UPDATE CASCADE
receptionists,user_id,users,id,receptionists_user_id_foreign,ON DELETE CASCADE ON UPDATE CASCADE
role_has_permissions,permission_id,permissions,id,role_has_permissions_permission_id_foreign,ON DELETE CASCADE
role_has_permissions,role_id,departments,id,role_has_permissions_role_id_foreign,ON DELETE CASCADE
schedules,doctor_id,doctors,id,schedules_doctor_id_foreign,ON DELETE CASCADE ON UPDATE CASCADE
schedule_days,doctor_id,doctors,id,schedule_days_doctor_id_foreign,ON DELETE CASCADE ON UPDATE CASCADE
schedule_days,schedule_id,schedules,id,schedule_days_schedule_id_foreign,ON DELETE CASCADE ON UPDATE CASCADE
sms,send_by,users,id,sms_send_by_foreign,ON DELETE CASCADE ON UPDATE CASCADE
sms,send_to,users,id,sms_send_to_foreign,ON DELETE CASCADE ON UPDATE CASCADE
used_medicines,medicine_id,medicines,id,used_medicines_medicine_id_foreign,ON DELETE CASCADE ON UPDATE CASCADE
user_google_event_schedules,user_id,users,id,user_google_event_schedules_user_id_foreign,ON DELETE CASCADE ON UPDATE CASCADE
user_zoom_credential,user_id,users,id,user_zoom_credential_user_id_foreign,ON DELETE CASCADE ON UPDATE CASCADE
vaccinated_patients,patient_id,patients,id,vaccinated_patients_patient_id_foreign,ON DELETE CASCADE ON UPDATE CASCADE
vaccinated_patients,vaccination_id,vaccinations,id,vaccinated_patients_vaccination_id_foreign,ON DELETE CASCADE ON UPDATE CASCADE
zoom_o_auth_credentials,user_id,users,id,zoom_o_auth_credentials_user_id_foreign,ON DELETE CASCADE ON UPDATE CASCADE
